RoomID,RoomName,CreatedBy,CreatedAt
1,Room1,1,2024-06-01 10:00:00
2,Room2,2,2024-06-01 11:00:00
3,Room3,3,2024-06-01 12:00:00
4,Room4,4,2024-06-01 13:00:00
5,Room5,5,2024-06-01 14:00:00
6,Room6,1,2024-06-02 10:00:00
7,Room7,2,2024-06-02 11:00:00
8,Room8,3,2024-06-02 12:00:00
9,Room9,4,2024-06-02 13:00:00
10,Room10,5,2024-06-02 14:00:00
11,Room11,1,2024-06-03 10:00:00
12,Room12,2,2024-06-03 11:00:00
13,Room13,3,2024-06-03 12:00:00
14,Room14,4,2024-06-03 13:00:00
15,Room15,5,2024-06-03 14:00:00
16,Room16,1,2024-06-04 10:00:00
17,Room17,2,2024-06-04 11:00:00
18,Room18,3,2024-06-04 12:00:00
19,Room19,4,2024-06-04 13:00:00
20,Room20,5,2024-06-04 14:00:00
21,Room21,1,2024-06-05 10:00:00
22,Room22,2,2024-06-05 11:00:00
23,Room23,3,2024-06-05 12:00:00
24,Room24,4,2024-06-05 13:00:00
25,Room25,5,2024-06-05 14:00:00
26,Room26,1,2024-06-06 10:00:00
27,Room27,2,2024-06-06 11:00:00
28,Room28,3,2024-06-06 12:00:00
29,Room29,4,2024-06-06 13:00:00
30,Room30,5,2024-06-06 14:00:00
31,Room31,1,2024-06-07 10:00:00
32,Room32,2,2024-06-07 11:00:00
33,Room33,3,2024-06-07 12:00:00
34,Room34,4,2024-06-07 13:00:00
35,Room35,5,2024-06-07 14:00:00
36,Room36,1,2024-06-08 10:00:00
37,Room37,2,2024-06-08 11:00:00
38,Room38,3,2024-06-08 12:00:00
39,Room39,4,2024-06-08 13:00:00
40,Room40,5,2024-06-08 14:00:00
41,Room41,1,2024-06-09 10:00:00
42,Room42,2,2024-06-09 11:00:00
43,Room43,3,2024-06-09 12:00:00
44,Room44,4,2024-06-09 13:00:00
45,Room45,5,2024-06-09 14:00:00
46,Room46,1,2024-06-10 10:00:00
47,Room47,2,2024-06-10 11:00:00
48,Room48,3,2024-06-10 12:00:00
49,Room49,4,2024-06-10 13:00:00
50,Room50,5,2024-06-10 14:00:00
51,Room51,1,2024-06-11 10:00:00
52,Room52,2,2024-06-11 11:00:00
53,Room53,3,2024-06-11 12:00:00
54,Room54,4,2024-06-11 13:00:00
55,Room55,5,2024-06-11 14:00:00
56,Room56,1,2024-06-12 10:00:00
57,Room57,2,2024-06-12 11:00:00
58,Room58,3,2024-06-12 12:00:00
59,Room59,4,2024-06-12 13:00:00
60,Room60,5,2024-06-12 14:00:00
61,Room61,1,2024-06-13 10:00:00
62,Room62,2,2024-06-13 11:00:00
63,Room63,3,2024-06-13 12:00:00
64,Room64,4,2024-06-13 13:00:00
65,Room65,5,2024-06-13 14:00:00
66,Room66,1,2024-06-14 10:00:00
67,Room67,2,2024-06-14 11:00:00
68,Room68,3,2024-06-14 12:00:00
69,Room69,4,2024-06-14 13:00:00
70,Room70,5,2024-06-14 14:00:00
71,Room71,1,2024-06-15 10:00:00
72,Room72,2,2024-06-15 11:00:00
73,Room73,3,2024-06-15 12:00:00
74,Room74,4,2024-06-15 13:00:00
75,Room75,5,2024-06-15 14:00:00
76,Room76,1,2024-06-16 10:00:00
77,Room77,2,2024-06-16 11:00:00
78,Room78,3,2024-06-16 12:00:00
79,Room79,4,2024-06-16 13:00:00
80,Room80,5,2024-06-16 14:00:00
81,Room81,1,2024-06-17 10:00:00
82,Room82,2,2024-06-17 11:00:00
83,Room83,3,2024-06-17 12:00:00
84,Room84,4,2024-06-17 13:00:00
85,Room85,5,2024-06-17 14:00:00
86,Room86,1,2024-06-18 10:00:00
87,Room87,2,2024-06-18 11:00:00
88,Room88,3,2024-06-18 12:00:00
89,Room89,4,2024-06-18 13:00:00
90,Room90,5,2024-06-18 14:00:00
91,Room91,1,2024-06-19 10:00:00
92,Room92,2,2024-06-19 11:00:00
93,Room93,3,2024-06-19 12:00:00
94,Room94,4,2024-06-19 13:00:00
95,Room95,5,2024-06-19 14:00:00
96,Room96,1,2024-06-20 10:00:00
97,Room97,2,2024-06-20 11:00:00
98,Room98,3,2024-06-20 12:00:00
99,Room99,4,2024-06-20 13:00:00
100,Room100,5,2024-06-20 14:00:00